Image Name,Vehicle Count,Green Light Time (seconds)
laneD.jpg,6,11.782051282051281
laneA.jpg,10,11.944444444444446
laneC.jpg,18,28.391205211726387
laneB.jpg,21,30.000000000000007
